--------------------------------------------------------
-- Archivo creado  - domingo-febrero-02-2025   
--------------------------------------------------------
DROP SEQUENCE "SEQ_ESTADO_TARJETA";
DROP SEQUENCE "SEQ_ESTADO_TRANS";
DROP SEQUENCE "SEQ_TRANSACION";
DROP SEQUENCE "SEQ_TRANSACION";
DROP TABLE "ESTADO_TARJETA" cascade constraints;
DROP TABLE "ESTADO_TRANS" cascade constraints;
DROP TABLE "PRODUCTO" cascade constraints;
DROP TABLE "TARJETA" cascade constraints;
DROP TABLE "TRANSACIONES" cascade constraints;
DROP TABLE "PRODUCTO" cascade constraints;
DROP TABLE "ESTADO_TARJETA" cascade constraints;
DROP TABLE "TARJETA" cascade constraints;
DROP TABLE "ESTADO_TRANS" cascade constraints;
DROP TABLE "TRANSACIONES" cascade constraints;
--------------------------------------------------------
--  DDL for Sequence SEQ_ESTADO_TARJETA
--------------------------------------------------------

   CREATE SEQUENCE  "SEQ_ESTADO_TARJETA"  MINVALUE 1 MAXVALUE 9999999999999999999999999999 INCREMENT BY 1 START WITH 1 CACHE 20 NOORDER  NOCYCLE  NOKEEP  NOSCALE  GLOBAL ;
--------------------------------------------------------
--  DDL for Sequence SEQ_ESTADO_TRANS
--------------------------------------------------------

   CREATE SEQUENCE  "SEQ_ESTADO_TRANS"  MINVALUE 1 MAXVALUE 9999999999999999999999999999 INCREMENT BY 1 START WITH 1 CACHE 20 NOORDER  NOCYCLE  NOKEEP  NOSCALE  GLOBAL ;
--------------------------------------------------------
--  DDL for Sequence SEQ_TRANSACION
--------------------------------------------------------

   CREATE SEQUENCE  "SEQ_TRANSACION"  MINVALUE 1 MAXVALUE 9999999999999999999999999999 INCREMENT BY 1 START WITH 61 CACHE 20 NOORDER  NOCYCLE  NOKEEP  NOSCALE  GLOBAL ;
--------------------------------------------------------
--  DDL for Sequence SEQ_TRANSACION
--------------------------------------------------------

   CREATE SEQUENCE  "SEQ_TRANSACION"  MINVALUE 1 MAXVALUE 9999999999999999999999999999 INCREMENT BY 1 START WITH 61 CACHE 20 NOORDER  NOCYCLE  NOKEEP  NOSCALE  GLOBAL ;
--------------------------------------------------------
--  DDL for Table ESTADO_TARJETA
--------------------------------------------------------

  CREATE TABLE "ESTADO_TARJETA" 
   (	"ID_ESTADO" NUMBER, 
	"DESCRIPCION" VARCHAR2(100 BYTE)
   ) SEGMENT CREATION IMMEDIATE 
  PCTFREE 10 PCTUSED 40 INITRANS 1 MAXTRANS 255 
 NOCOMPRESS LOGGING
  STORAGE(INITIAL 65536 NEXT 1048576 MINEXTENTS 1 MAXEXTENTS 2147483645
  PCTINCREASE 0 FREELISTS 1 FREELIST GROUPS 1
  BUFFER_POOL DEFAULT FLASH_CACHE DEFAULT CELL_FLASH_CACHE DEFAULT)
  TABLESPACE "USERS" ;
--------------------------------------------------------
--  DDL for Table ESTADO_TRANS
--------------------------------------------------------

  CREATE TABLE "ESTADO_TRANS" 
   (	"ID_ESTADO_TRANS" NUMBER, 
	"DESCRIPCION" VARCHAR2(100 BYTE)
   ) SEGMENT CREATION IMMEDIATE 
  PCTFREE 10 PCTUSED 40 INITRANS 1 MAXTRANS 255 
 NOCOMPRESS LOGGING
  STORAGE(INITIAL 65536 NEXT 1048576 MINEXTENTS 1 MAXEXTENTS 2147483645
  PCTINCREASE 0 FREELISTS 1 FREELIST GROUPS 1
  BUFFER_POOL DEFAULT FLASH_CACHE DEFAULT CELL_FLASH_CACHE DEFAULT)
  TABLESPACE "USERS" ;
--------------------------------------------------------
--  DDL for Table PRODUCTO
--------------------------------------------------------

  CREATE TABLE "PRODUCTO" 
   (	"ID_PRODUCTO" NUMBER, 
	"DESCRIPCION" VARCHAR2(100 BYTE)
   ) SEGMENT CREATION IMMEDIATE 
  PCTFREE 10 PCTUSED 40 INITRANS 1 MAXTRANS 255 
 NOCOMPRESS LOGGING
  STORAGE(INITIAL 65536 NEXT 1048576 MINEXTENTS 1 MAXEXTENTS 2147483645
  PCTINCREASE 0 FREELISTS 1 FREELIST GROUPS 1
  BUFFER_POOL DEFAULT FLASH_CACHE DEFAULT CELL_FLASH_CACHE DEFAULT)
  TABLESPACE "USERS" ;
--------------------------------------------------------
--  DDL for Table TARJETA
--------------------------------------------------------

  CREATE TABLE "TARJETA" 
   (	"ID_TARJETA" NUMBER, 
	"ID_PRODUCTO" NUMBER, 
	"ID_ESTADO" NUMBER, 
	"TITULAR" VARCHAR2(200 BYTE), 
	"FECHA_CREACION" DATE DEFAULT SYSDATE, 
	"FECHA_VENCIMIENTO" DATE, 
	"SALDO" NUMBER(15,2) DEFAULT 0, 
	"MONEDA" VARCHAR2(4 BYTE)
   ) SEGMENT CREATION IMMEDIATE 
  PCTFREE 10 PCTUSED 40 INITRANS 1 MAXTRANS 255 
 NOCOMPRESS LOGGING
  STORAGE(INITIAL 65536 NEXT 1048576 MINEXTENTS 1 MAXEXTENTS 2147483645
  PCTINCREASE 0 FREELISTS 1 FREELIST GROUPS 1
  BUFFER_POOL DEFAULT FLASH_CACHE DEFAULT CELL_FLASH_CACHE DEFAULT)
  TABLESPACE "USERS" ;
--------------------------------------------------------
--  DDL for Table TRANSACIONES
--------------------------------------------------------

  CREATE TABLE "TRANSACIONES" 
   (	"ID_TRANSACION" NUMBER, 
	"ID_TARJETA" NUMBER, 
	"ID_ESTADO_TRANS" NUMBER, 
	"FECHA_TRANS" DATE DEFAULT SYSDATE, 
	"VALOR_TRANS" NUMBER(15,2), 
	"MONEDA" VARCHAR2(20 BYTE), 
	"DESCRIPCION" VARCHAR2(500 BYTE), 
	"ID_ANULA" NUMBER
   ) SEGMENT CREATION IMMEDIATE 
  PCTFREE 10 PCTUSED 40 INITRANS 1 MAXTRANS 255 
 NOCOMPRESS LOGGING
  STORAGE(INITIAL 65536 NEXT 1048576 MINEXTENTS 1 MAXEXTENTS 2147483645
  PCTINCREASE 0 FREELISTS 1 FREELIST GROUPS 1
  BUFFER_POOL DEFAULT FLASH_CACHE DEFAULT CELL_FLASH_CACHE DEFAULT)
  TABLESPACE "USERS" ;
--------------------------------------------------------
--  DDL for Table PRODUCTO
--------------------------------------------------------

  CREATE TABLE "PRODUCTO" 
   (	"ID_PRODUCTO" NUMBER, 
	"DESCRIPCION" VARCHAR2(100 BYTE)
   ) SEGMENT CREATION IMMEDIATE 
  PCTFREE 10 PCTUSED 40 INITRANS 1 MAXTRANS 255 
 NOCOMPRESS LOGGING
  STORAGE(INITIAL 65536 NEXT 1048576 MINEXTENTS 1 MAXEXTENTS 2147483645
  PCTINCREASE 0 FREELISTS 1 FREELIST GROUPS 1
  BUFFER_POOL DEFAULT FLASH_CACHE DEFAULT CELL_FLASH_CACHE DEFAULT)
  TABLESPACE "USERS" ;
--------------------------------------------------------
--  DDL for Table ESTADO_TARJETA
--------------------------------------------------------

  CREATE TABLE "ESTADO_TARJETA" 
   (	"ID_ESTADO" NUMBER, 
	"DESCRIPCION" VARCHAR2(100 BYTE)
   ) SEGMENT CREATION IMMEDIATE 
  PCTFREE 10 PCTUSED 40 INITRANS 1 MAXTRANS 255 
 NOCOMPRESS LOGGING
  STORAGE(INITIAL 65536 NEXT 1048576 MINEXTENTS 1 MAXEXTENTS 2147483645
  PCTINCREASE 0 FREELISTS 1 FREELIST GROUPS 1
  BUFFER_POOL DEFAULT FLASH_CACHE DEFAULT CELL_FLASH_CACHE DEFAULT)
  TABLESPACE "USERS" ;
--------------------------------------------------------
--  DDL for Table TARJETA
--------------------------------------------------------

  CREATE TABLE "TARJETA" 
   (	"ID_TARJETA" NUMBER, 
	"ID_PRODUCTO" NUMBER, 
	"ID_ESTADO" NUMBER, 
	"TITULAR" VARCHAR2(200 BYTE), 
	"FECHA_CREACION" DATE DEFAULT SYSDATE, 
	"FECHA_VENCIMIENTO" DATE, 
	"SALDO" NUMBER(15,2) DEFAULT 0, 
	"MONEDA" VARCHAR2(4 BYTE)
   ) SEGMENT CREATION IMMEDIATE 
  PCTFREE 10 PCTUSED 40 INITRANS 1 MAXTRANS 255 
 NOCOMPRESS LOGGING
  STORAGE(INITIAL 65536 NEXT 1048576 MINEXTENTS 1 MAXEXTENTS 2147483645
  PCTINCREASE 0 FREELISTS 1 FREELIST GROUPS 1
  BUFFER_POOL DEFAULT FLASH_CACHE DEFAULT CELL_FLASH_CACHE DEFAULT)
  TABLESPACE "USERS" ;
--------------------------------------------------------
--  DDL for Table ESTADO_TRANS
--------------------------------------------------------

  CREATE TABLE "ESTADO_TRANS" 
   (	"ID_ESTADO_TRANS" NUMBER, 
	"DESCRIPCION" VARCHAR2(100 BYTE)
   ) SEGMENT CREATION IMMEDIATE 
  PCTFREE 10 PCTUSED 40 INITRANS 1 MAXTRANS 255 
 NOCOMPRESS LOGGING
  STORAGE(INITIAL 65536 NEXT 1048576 MINEXTENTS 1 MAXEXTENTS 2147483645
  PCTINCREASE 0 FREELISTS 1 FREELIST GROUPS 1
  BUFFER_POOL DEFAULT FLASH_CACHE DEFAULT CELL_FLASH_CACHE DEFAULT)
  TABLESPACE "USERS" ;
--------------------------------------------------------
--  DDL for Table TRANSACIONES
--------------------------------------------------------

  CREATE TABLE "TRANSACIONES" 
   (	"ID_TRANSACION" NUMBER, 
	"ID_TARJETA" NUMBER, 
	"ID_ESTADO_TRANS" NUMBER, 
	"FECHA_TRANS" DATE DEFAULT SYSDATE, 
	"VALOR_TRANS" NUMBER(15,2), 
	"MONEDA" VARCHAR2(20 BYTE), 
	"DESCRIPCION" VARCHAR2(500 BYTE), 
	"ID_ANULA" NUMBER
   ) SEGMENT CREATION IMMEDIATE 
  PCTFREE 10 PCTUSED 40 INITRANS 1 MAXTRANS 255 
 NOCOMPRESS LOGGING
  STORAGE(INITIAL 65536 NEXT 1048576 MINEXTENTS 1 MAXEXTENTS 2147483645
  PCTINCREASE 0 FREELISTS 1 FREELIST GROUPS 1
  BUFFER_POOL DEFAULT FLASH_CACHE DEFAULT CELL_FLASH_CACHE DEFAULT)
  TABLESPACE "USERS" ;
REM INSERTING into PRODUCTO
SET DEFINE OFF;
Insert into PRODUCTO (ID_PRODUCTO,DESCRIPCION) values ('102030','CREDITO');
Insert into PRODUCTO (ID_PRODUCTO,DESCRIPCION) values ('405060','DEBITO');
Insert into PRODUCTO (ID_PRODUCTO,DESCRIPCION) values ('708090','S/N');
REM INSERTING into ESTADO_TARJETA
SET DEFINE OFF;
Insert into ESTADO_TARJETA (ID_ESTADO,DESCRIPCION) values ('1','ACTIVA');
Insert into ESTADO_TARJETA (ID_ESTADO,DESCRIPCION) values ('2','INACTIVA');
Insert into ESTADO_TARJETA (ID_ESTADO,DESCRIPCION) values ('3','BLOQUEADO');
REM INSERTING into TARJETA
SET DEFINE OFF;
Insert into TARJETA (ID_TARJETA,ID_PRODUCTO,ID_ESTADO,TITULAR,FECHA_CREACION,FECHA_VENCIMIENTO,SALDO,MONEDA) values ('1020301234567891','102030','1','Paula Nova',to_date('01/02/25','DD/MM/RR'),to_date('27/02/28','DD/MM/RR'),'1000','USD');
Insert into TARJETA (ID_TARJETA,ID_PRODUCTO,ID_ESTADO,TITULAR,FECHA_CREACION,FECHA_VENCIMIENTO,SALDO,MONEDA) values ('1020301234567801','102030','1','JESUS SUAREZ',to_date('30/01/25','DD/MM/RR'),to_date('30/01/28','DD/MM/RR'),'1000000','USD');
Insert into TARJETA (ID_TARJETA,ID_PRODUCTO,ID_ESTADO,TITULAR,FECHA_CREACION,FECHA_VENCIMIENTO,SALDO,MONEDA) values ('4050609101112131','405060','2','Mateo Ariza',to_date('01/02/25','DD/MM/RR'),to_date('30/01/28','DD/MM/RR'),'0','USD');
Insert into TARJETA (ID_TARJETA,ID_PRODUCTO,ID_ESTADO,TITULAR,FECHA_CREACION,FECHA_VENCIMIENTO,SALDO,MONEDA) values ('7080904123918133','708090','1','sin cliente asignado',to_date('01/02/25','DD/MM/RR'),to_date('01/02/28','DD/MM/RR'),'0','USD');
Insert into TARJETA (ID_TARJETA,ID_PRODUCTO,ID_ESTADO,TITULAR,FECHA_CREACION,FECHA_VENCIMIENTO,SALDO,MONEDA) values ('4050601234567801','405060','2','Juan Pérez Actualizado',to_date('30/01/25','DD/MM/RR'),to_date('30/01/28','DD/MM/RR'),'0','USD');
Insert into TARJETA (ID_TARJETA,ID_PRODUCTO,ID_ESTADO,TITULAR,FECHA_CREACION,FECHA_VENCIMIENTO,SALDO,MONEDA) values ('7080901797942113','708090','1','ANTONIO SUAREZ',to_date('01/02/25','DD/MM/RR'),to_date('27/02/28','DD/MM/RR'),'2000','USD');
Insert into TARJETA (ID_TARJETA,ID_PRODUCTO,ID_ESTADO,TITULAR,FECHA_CREACION,FECHA_VENCIMIENTO,SALDO,MONEDA) values ('7080901347845046','708090','1','Paula Nova',to_date('01/02/25','DD/MM/RR'),to_date('27/02/28','DD/MM/RR'),'2000','USD');
Insert into TARJETA (ID_TARJETA,ID_PRODUCTO,ID_ESTADO,TITULAR,FECHA_CREACION,FECHA_VENCIMIENTO,SALDO,MONEDA) values ('41456456456456456','708090','2','sin cliente',to_date('02/02/25','DD/MM/RR'),to_date('02/02/25','DD/MM/RR'),'0','USD');
Insert into TARJETA (ID_TARJETA,ID_PRODUCTO,ID_ESTADO,TITULAR,FECHA_CREACION,FECHA_VENCIMIENTO,SALDO,MONEDA) values ('7080902789860871','708090','1','TUCO SUAREZ',to_date('01/02/25','DD/MM/RR'),to_date('01/02/28','DD/MM/RR'),'1000','USD');
Insert into TARJETA (ID_TARJETA,ID_PRODUCTO,ID_ESTADO,TITULAR,FECHA_CREACION,FECHA_VENCIMIENTO,SALDO,MONEDA) values ('7080901386960023','708090','2','sin cliente asignado',to_date('01/02/25','DD/MM/RR'),to_date('01/02/28','DD/MM/RR'),'0','USD');
Insert into TARJETA (ID_TARJETA,ID_PRODUCTO,ID_ESTADO,TITULAR,FECHA_CREACION,FECHA_VENCIMIENTO,SALDO,MONEDA) values ('7080901325559068','708090','2','sin cliente asignado',to_date('01/02/25','DD/MM/RR'),to_date('01/02/28','DD/MM/RR'),'0','USD');
Insert into TARJETA (ID_TARJETA,ID_PRODUCTO,ID_ESTADO,TITULAR,FECHA_CREACION,FECHA_VENCIMIENTO,SALDO,MONEDA) values ('7080904247189919','708090','2','sin cliente asignado',to_date('01/02/25','DD/MM/RR'),to_date('01/02/28','DD/MM/RR'),'0','USD');
Insert into TARJETA (ID_TARJETA,ID_PRODUCTO,ID_ESTADO,TITULAR,FECHA_CREACION,FECHA_VENCIMIENTO,SALDO,MONEDA) values ('7080907061726362','708090','1','TOÑO SUAREZ',to_date('01/02/25','DD/MM/RR'),to_date('01/02/28','DD/MM/RR'),'4000','USD');
Insert into TARJETA (ID_TARJETA,ID_PRODUCTO,ID_ESTADO,TITULAR,FECHA_CREACION,FECHA_VENCIMIENTO,SALDO,MONEDA) values ('7080900329319286','708090','1','sin cliente asignado',to_date('01/02/25','DD/MM/RR'),to_date('01/02/28','DD/MM/RR'),'1000','USD');
REM INSERTING into ESTADO_TRANS
SET DEFINE OFF;
Insert into ESTADO_TRANS (ID_ESTADO_TRANS,DESCRIPCION) values ('1','APROBADO');
Insert into ESTADO_TRANS (ID_ESTADO_TRANS,DESCRIPCION) values ('2','ANULADO');
Insert into ESTADO_TRANS (ID_ESTADO_TRANS,DESCRIPCION) values ('3','RECHAZADO');
REM INSERTING into TRANSACIONES
SET DEFINE OFF;
Insert into TRANSACIONES (ID_TRANSACION,ID_TARJETA,ID_ESTADO_TRANS,FECHA_TRANS,VALOR_TRANS,MONEDA,DESCRIPCION,ID_ANULA) values ('1','1020301234567801','1',to_date('30/01/25','DD/MM/RR'),'500000','USD','COPRADO','0');
Insert into TRANSACIONES (ID_TRANSACION,ID_TARJETA,ID_ESTADO_TRANS,FECHA_TRANS,VALOR_TRANS,MONEDA,DESCRIPCION,ID_ANULA) values ('5','1020301234567891','1',to_date('02/02/25','DD/MM/RR'),'1000',null,'COPRADO','0');
Insert into TRANSACIONES (ID_TRANSACION,ID_TARJETA,ID_ESTADO_TRANS,FECHA_TRANS,VALOR_TRANS,MONEDA,DESCRIPCION,ID_ANULA) values ('2','1020301234567801','1',to_date('02/02/25','DD/MM/RR'),'1000','USD','COPRADO','0');
Insert into TRANSACIONES (ID_TRANSACION,ID_TARJETA,ID_ESTADO_TRANS,FECHA_TRANS,VALOR_TRANS,MONEDA,DESCRIPCION,ID_ANULA) values ('3','1020301234567801','1',to_date('02/02/25','DD/MM/RR'),'1000','USD','COPRADO','0');
Insert into TRANSACIONES (ID_TRANSACION,ID_TARJETA,ID_ESTADO_TRANS,FECHA_TRANS,VALOR_TRANS,MONEDA,DESCRIPCION,ID_ANULA) values ('7','1020301234567891','1',to_date('02/02/25','DD/MM/RR'),'100',null,'COPRADO','0');
Insert into TRANSACIONES (ID_TRANSACION,ID_TARJETA,ID_ESTADO_TRANS,FECHA_TRANS,VALOR_TRANS,MONEDA,DESCRIPCION,ID_ANULA) values ('9','1020301234567891','3',to_date('02/02/25','DD/MM/RR'),'0',null,'RECHAZADO','0');
Insert into TRANSACIONES (ID_TRANSACION,ID_TARJETA,ID_ESTADO_TRANS,FECHA_TRANS,VALOR_TRANS,MONEDA,DESCRIPCION,ID_ANULA) values ('11','1020301234567891','3',to_date('02/02/25','DD/MM/RR'),'1000','COL','RECHAZADO','0');
Insert into TRANSACIONES (ID_TRANSACION,ID_TARJETA,ID_ESTADO_TRANS,FECHA_TRANS,VALOR_TRANS,MONEDA,DESCRIPCION,ID_ANULA) values ('13','1020301234567891','3',to_date('02/02/25','DD/MM/RR'),'800','COL','RECHAZADO','0');
Insert into TRANSACIONES (ID_TRANSACION,ID_TARJETA,ID_ESTADO_TRANS,FECHA_TRANS,VALOR_TRANS,MONEDA,DESCRIPCION,ID_ANULA) values ('15','1020301234567891','1',to_date('02/02/25','DD/MM/RR'),'800','USD','COPRADO','0');
Insert into TRANSACIONES (ID_TRANSACION,ID_TARJETA,ID_ESTADO_TRANS,FECHA_TRANS,VALOR_TRANS,MONEDA,DESCRIPCION,ID_ANULA) values ('17','1020301234567891','1',to_date('02/02/25','DD/MM/RR'),'50','USD',null,'0');
Insert into TRANSACIONES (ID_TRANSACION,ID_TARJETA,ID_ESTADO_TRANS,FECHA_TRANS,VALOR_TRANS,MONEDA,DESCRIPCION,ID_ANULA) values ('19','1020301234567891','3',to_date('02/02/25','DD/MM/RR'),'100','USD','Saldo insuficiente para realizar la compra','0');
Insert into TRANSACIONES (ID_TRANSACION,ID_TARJETA,ID_ESTADO_TRANS,FECHA_TRANS,VALOR_TRANS,MONEDA,DESCRIPCION,ID_ANULA) values ('21','1020301234567891','3',to_date('02/02/25','DD/MM/RR'),'23','COL','Solo se permiten compras en USD','0');
Insert into TRANSACIONES (ID_TRANSACION,ID_TARJETA,ID_ESTADO_TRANS,FECHA_TRANS,VALOR_TRANS,MONEDA,DESCRIPCION,ID_ANULA) values ('23','1020301234567891','1',to_date('02/02/25','DD/MM/RR'),'100','USD','Exitoso','0');
Insert into TRANSACIONES (ID_TRANSACION,ID_TARJETA,ID_ESTADO_TRANS,FECHA_TRANS,VALOR_TRANS,MONEDA,DESCRIPCION,ID_ANULA) values ('25','1020301234567891','1',to_date('02/02/25','DD/MM/RR'),'100','USD','Exitoso','0');
Insert into TRANSACIONES (ID_TRANSACION,ID_TARJETA,ID_ESTADO_TRANS,FECHA_TRANS,VALOR_TRANS,MONEDA,DESCRIPCION,ID_ANULA) values ('27','1020301234567891','3',to_date('02/02/25','DD/MM/RR'),'100','USD','Anulación de transacción: 25','0');
Insert into TRANSACIONES (ID_TRANSACION,ID_TARJETA,ID_ESTADO_TRANS,FECHA_TRANS,VALOR_TRANS,MONEDA,DESCRIPCION,ID_ANULA) values ('29','1020301234567891','1',to_date('02/02/25','DD/MM/RR'),'100','USD','Exitoso','0');
Insert into TRANSACIONES (ID_TRANSACION,ID_TARJETA,ID_ESTADO_TRANS,FECHA_TRANS,VALOR_TRANS,MONEDA,DESCRIPCION,ID_ANULA) values ('31','1020301234567891','1',to_date('02/02/25','DD/MM/RR'),'100','USD','Exitoso','0');
Insert into TRANSACIONES (ID_TRANSACION,ID_TARJETA,ID_ESTADO_TRANS,FECHA_TRANS,VALOR_TRANS,MONEDA,DESCRIPCION,ID_ANULA) values ('33','1020301234567891','3',to_date('02/02/25','DD/MM/RR'),'100','USD','Anulación de transacción: 31','0');
Insert into TRANSACIONES (ID_TRANSACION,ID_TARJETA,ID_ESTADO_TRANS,FECHA_TRANS,VALOR_TRANS,MONEDA,DESCRIPCION,ID_ANULA) values ('35','1020301234567891','1',to_date('02/02/25','DD/MM/RR'),'100','USD','Exitoso','0');
Insert into TRANSACIONES (ID_TRANSACION,ID_TARJETA,ID_ESTADO_TRANS,FECHA_TRANS,VALOR_TRANS,MONEDA,DESCRIPCION,ID_ANULA) values ('37','1020301234567891','3',to_date('02/02/25','DD/MM/RR'),'100','USD','Anulación de transacción: 35','0');
Insert into TRANSACIONES (ID_TRANSACION,ID_TARJETA,ID_ESTADO_TRANS,FECHA_TRANS,VALOR_TRANS,MONEDA,DESCRIPCION,ID_ANULA) values ('38','1020301234567891','1',to_date('02/02/25','DD/MM/RR'),'100','USD','Exitoso','0');
Insert into TRANSACIONES (ID_TRANSACION,ID_TARJETA,ID_ESTADO_TRANS,FECHA_TRANS,VALOR_TRANS,MONEDA,DESCRIPCION,ID_ANULA) values ('39','1020301234567891','3',to_date('02/02/25','DD/MM/RR'),'100','USD','Anulación de transacción: 38','0');
Insert into TRANSACIONES (ID_TRANSACION,ID_TARJETA,ID_ESTADO_TRANS,FECHA_TRANS,VALOR_TRANS,MONEDA,DESCRIPCION,ID_ANULA) values ('40','1020301234567891','3',to_date('02/02/25','DD/MM/RR'),'100','USD','Anulación de transacción: 38','0');
Insert into TRANSACIONES (ID_TRANSACION,ID_TARJETA,ID_ESTADO_TRANS,FECHA_TRANS,VALOR_TRANS,MONEDA,DESCRIPCION,ID_ANULA) values ('41','1020301234567891','3',to_date('02/02/25','DD/MM/RR'),'100','USD','Anulación de transacción: 38','0');
Insert into TRANSACIONES (ID_TRANSACION,ID_TARJETA,ID_ESTADO_TRANS,FECHA_TRANS,VALOR_TRANS,MONEDA,DESCRIPCION,ID_ANULA) values ('42','1020301234567891','1',to_date('02/02/25','DD/MM/RR'),'100','USD','Exitoso','43');
Insert into TRANSACIONES (ID_TRANSACION,ID_TARJETA,ID_ESTADO_TRANS,FECHA_TRANS,VALOR_TRANS,MONEDA,DESCRIPCION,ID_ANULA) values ('43','1020301234567891','3',to_date('02/02/25','DD/MM/RR'),'100','USD','Anulación de transacción: 42',null);
Insert into TRANSACIONES (ID_TRANSACION,ID_TARJETA,ID_ESTADO_TRANS,FECHA_TRANS,VALOR_TRANS,MONEDA,DESCRIPCION,ID_ANULA) values ('44','7080900329319286','1',to_date('02/02/25','DD/MM/RR'),'100','USD','Exitoso','45');
Insert into TRANSACIONES (ID_TRANSACION,ID_TARJETA,ID_ESTADO_TRANS,FECHA_TRANS,VALOR_TRANS,MONEDA,DESCRIPCION,ID_ANULA) values ('45','7080900329319286','3',to_date('02/02/25','DD/MM/RR'),'100','USD','Anulación de transacción: 44',null);
REM INSERTING into USUARIOS
SET DEFINE OFF;
Insert into USUARIOS (ID,NOMBRE,CEDULA) values ('1','aa','123456');
Insert into USUARIOS (ID,NOMBRE,CEDULA) values ('2','bb','12345');
--------------------------------------------------------
--  DDL for Index IDX_TARJETA_ESTADO
--------------------------------------------------------

  CREATE INDEX "IDX_TARJETA_ESTADO" ON "TARJETA" ("ID_ESTADO") 
  PCTFREE 10 INITRANS 2 MAXTRANS 255 COMPUTE STATISTICS 
  STORAGE(INITIAL 65536 NEXT 1048576 MINEXTENTS 1 MAXEXTENTS 2147483645
  PCTINCREASE 0 FREELISTS 1 FREELIST GROUPS 1
  BUFFER_POOL DEFAULT FLASH_CACHE DEFAULT CELL_FLASH_CACHE DEFAULT)
  TABLESPACE "USERS" ;
--------------------------------------------------------
--  DDL for Index IDX_TARJETA_PRODUCTO
--------------------------------------------------------

  CREATE INDEX "IDX_TARJETA_PRODUCTO" ON "TARJETA" ("ID_PRODUCTO") 
  PCTFREE 10 INITRANS 2 MAXTRANS 255 COMPUTE STATISTICS 
  STORAGE(INITIAL 65536 NEXT 1048576 MINEXTENTS 1 MAXEXTENTS 2147483645
  PCTINCREASE 0 FREELISTS 1 FREELIST GROUPS 1
  BUFFER_POOL DEFAULT FLASH_CACHE DEFAULT CELL_FLASH_CACHE DEFAULT)
  TABLESPACE "USERS" ;
--------------------------------------------------------
--  DDL for Index IDX_TRANSACIONES_ESTADO
--------------------------------------------------------

  CREATE INDEX "IDX_TRANSACIONES_ESTADO" ON "TRANSACIONES" ("ID_ESTADO_TRANS") 
  PCTFREE 10 INITRANS 2 MAXTRANS 255 COMPUTE STATISTICS 
  STORAGE(INITIAL 65536 NEXT 1048576 MINEXTENTS 1 MAXEXTENTS 2147483645
  PCTINCREASE 0 FREELISTS 1 FREELIST GROUPS 1
  BUFFER_POOL DEFAULT FLASH_CACHE DEFAULT CELL_FLASH_CACHE DEFAULT)
  TABLESPACE "USERS" ;
--------------------------------------------------------
--  DDL for Index IDX_TRANSACIONES_TARJETA
--------------------------------------------------------

  CREATE INDEX "IDX_TRANSACIONES_TARJETA" ON "TRANSACIONES" ("ID_TARJETA") 
  PCTFREE 10 INITRANS 2 MAXTRANS 255 COMPUTE STATISTICS 
  STORAGE(INITIAL 65536 NEXT 1048576 MINEXTENTS 1 MAXEXTENTS 2147483645
  PCTINCREASE 0 FREELISTS 1 FREELIST GROUPS 1
  BUFFER_POOL DEFAULT FLASH_CACHE DEFAULT CELL_FLASH_CACHE DEFAULT)
  TABLESPACE "USERS" ;
--------------------------------------------------------
--  DDL for Index SYS_C008316
--------------------------------------------------------

  CREATE UNIQUE INDEX "SYS_C008316" ON "PRODUCTO" ("ID_PRODUCTO") 
  PCTFREE 10 INITRANS 2 MAXTRANS 255 COMPUTE STATISTICS 
  STORAGE(INITIAL 65536 NEXT 1048576 MINEXTENTS 1 MAXEXTENTS 2147483645
  PCTINCREASE 0 FREELISTS 1 FREELIST GROUPS 1
  BUFFER_POOL DEFAULT FLASH_CACHE DEFAULT CELL_FLASH_CACHE DEFAULT)
  TABLESPACE "USERS" ;
--------------------------------------------------------
--  DDL for Index SYS_C008318
--------------------------------------------------------

  CREATE UNIQUE INDEX "SYS_C008318" ON "ESTADO_TARJETA" ("ID_ESTADO") 
  PCTFREE 10 INITRANS 2 MAXTRANS 255 COMPUTE STATISTICS 
  STORAGE(INITIAL 65536 NEXT 1048576 MINEXTENTS 1 MAXEXTENTS 2147483645
  PCTINCREASE 0 FREELISTS 1 FREELIST GROUPS 1
  BUFFER_POOL DEFAULT FLASH_CACHE DEFAULT CELL_FLASH_CACHE DEFAULT)
  TABLESPACE "USERS" ;
--------------------------------------------------------
--  DDL for Index SYS_C008320
--------------------------------------------------------

  CREATE UNIQUE INDEX "SYS_C008320" ON "ESTADO_TRANS" ("ID_ESTADO_TRANS") 
  PCTFREE 10 INITRANS 2 MAXTRANS 255 COMPUTE STATISTICS 
  STORAGE(INITIAL 65536 NEXT 1048576 MINEXTENTS 1 MAXEXTENTS 2147483645
  PCTINCREASE 0 FREELISTS 1 FREELIST GROUPS 1
  BUFFER_POOL DEFAULT FLASH_CACHE DEFAULT CELL_FLASH_CACHE DEFAULT)
  TABLESPACE "USERS" ;
--------------------------------------------------------
--  DDL for Index SYS_C008327
--------------------------------------------------------

  CREATE UNIQUE INDEX "SYS_C008327" ON "TARJETA" ("ID_TARJETA") 
  PCTFREE 10 INITRANS 2 MAXTRANS 255 COMPUTE STATISTICS 
  STORAGE(INITIAL 65536 NEXT 1048576 MINEXTENTS 1 MAXEXTENTS 2147483645
  PCTINCREASE 0 FREELISTS 1 FREELIST GROUPS 1
  BUFFER_POOL DEFAULT FLASH_CACHE DEFAULT CELL_FLASH_CACHE DEFAULT)
  TABLESPACE "USERS" ;
--------------------------------------------------------
--  DDL for Index SYS_C008334
--------------------------------------------------------

  CREATE UNIQUE INDEX "SYS_C008334" ON "TRANSACIONES" ("ID_TRANSACION") 
  PCTFREE 10 INITRANS 2 MAXTRANS 255 COMPUTE STATISTICS 
  STORAGE(INITIAL 65536 NEXT 1048576 MINEXTENTS 1 MAXEXTENTS 2147483645
  PCTINCREASE 0 FREELISTS 1 FREELIST GROUPS 1
  BUFFER_POOL DEFAULT FLASH_CACHE DEFAULT CELL_FLASH_CACHE DEFAULT)
  TABLESPACE "USERS" ;
--------------------------------------------------------
--  DDL for Index SYS_C008318
--------------------------------------------------------

  CREATE UNIQUE INDEX "SYS_C008318" ON "ESTADO_TARJETA" ("ID_ESTADO") 
  PCTFREE 10 INITRANS 2 MAXTRANS 255 COMPUTE STATISTICS 
  STORAGE(INITIAL 65536 NEXT 1048576 MINEXTENTS 1 MAXEXTENTS 2147483645
  PCTINCREASE 0 FREELISTS 1 FREELIST GROUPS 1
  BUFFER_POOL DEFAULT FLASH_CACHE DEFAULT CELL_FLASH_CACHE DEFAULT)
  TABLESPACE "USERS" ;
--------------------------------------------------------
--  DDL for Index SYS_C008320
--------------------------------------------------------

  CREATE UNIQUE INDEX "SYS_C008320" ON "ESTADO_TRANS" ("ID_ESTADO_TRANS") 
  PCTFREE 10 INITRANS 2 MAXTRANS 255 COMPUTE STATISTICS 
  STORAGE(INITIAL 65536 NEXT 1048576 MINEXTENTS 1 MAXEXTENTS 2147483645
  PCTINCREASE 0 FREELISTS 1 FREELIST GROUPS 1
  BUFFER_POOL DEFAULT FLASH_CACHE DEFAULT CELL_FLASH_CACHE DEFAULT)
  TABLESPACE "USERS" ;
--------------------------------------------------------
--  DDL for Index SYS_C008316
--------------------------------------------------------

  CREATE UNIQUE INDEX "SYS_C008316" ON "PRODUCTO" ("ID_PRODUCTO") 
  PCTFREE 10 INITRANS 2 MAXTRANS 255 COMPUTE STATISTICS 
  STORAGE(INITIAL 65536 NEXT 1048576 MINEXTENTS 1 MAXEXTENTS 2147483645
  PCTINCREASE 0 FREELISTS 1 FREELIST GROUPS 1
  BUFFER_POOL DEFAULT FLASH_CACHE DEFAULT CELL_FLASH_CACHE DEFAULT)
  TABLESPACE "USERS" ;
--------------------------------------------------------
--  DDL for Index SYS_C008327
--------------------------------------------------------

  CREATE UNIQUE INDEX "SYS_C008327" ON "TARJETA" ("ID_TARJETA") 
  PCTFREE 10 INITRANS 2 MAXTRANS 255 COMPUTE STATISTICS 
  STORAGE(INITIAL 65536 NEXT 1048576 MINEXTENTS 1 MAXEXTENTS 2147483645
  PCTINCREASE 0 FREELISTS 1 FREELIST GROUPS 1
  BUFFER_POOL DEFAULT FLASH_CACHE DEFAULT CELL_FLASH_CACHE DEFAULT)
  TABLESPACE "USERS" ;
--------------------------------------------------------
--  DDL for Index IDX_TARJETA_PRODUCTO
--------------------------------------------------------

  CREATE INDEX "IDX_TARJETA_PRODUCTO" ON "TARJETA" ("ID_PRODUCTO") 
  PCTFREE 10 INITRANS 2 MAXTRANS 255 COMPUTE STATISTICS 
  STORAGE(INITIAL 65536 NEXT 1048576 MINEXTENTS 1 MAXEXTENTS 2147483645
  PCTINCREASE 0 FREELISTS 1 FREELIST GROUPS 1
  BUFFER_POOL DEFAULT FLASH_CACHE DEFAULT CELL_FLASH_CACHE DEFAULT)
  TABLESPACE "USERS" ;
--------------------------------------------------------
--  DDL for Index IDX_TARJETA_ESTADO
--------------------------------------------------------

  CREATE INDEX "IDX_TARJETA_ESTADO" ON "TARJETA" ("ID_ESTADO") 
  PCTFREE 10 INITRANS 2 MAXTRANS 255 COMPUTE STATISTICS 
  STORAGE(INITIAL 65536 NEXT 1048576 MINEXTENTS 1 MAXEXTENTS 2147483645
  PCTINCREASE 0 FREELISTS 1 FREELIST GROUPS 1
  BUFFER_POOL DEFAULT FLASH_CACHE DEFAULT CELL_FLASH_CACHE DEFAULT)
  TABLESPACE "USERS" ;
--------------------------------------------------------
--  DDL for Index SYS_C008334
--------------------------------------------------------

  CREATE UNIQUE INDEX "SYS_C008334" ON "TRANSACIONES" ("ID_TRANSACION") 
  PCTFREE 10 INITRANS 2 MAXTRANS 255 COMPUTE STATISTICS 
  STORAGE(INITIAL 65536 NEXT 1048576 MINEXTENTS 1 MAXEXTENTS 2147483645
  PCTINCREASE 0 FREELISTS 1 FREELIST GROUPS 1
  BUFFER_POOL DEFAULT FLASH_CACHE DEFAULT CELL_FLASH_CACHE DEFAULT)
  TABLESPACE "USERS" ;
--------------------------------------------------------
--  DDL for Index IDX_TRANSACIONES_TARJETA
--------------------------------------------------------

  CREATE INDEX "IDX_TRANSACIONES_TARJETA" ON "TRANSACIONES" ("ID_TARJETA") 
  PCTFREE 10 INITRANS 2 MAXTRANS 255 COMPUTE STATISTICS 
  STORAGE(INITIAL 65536 NEXT 1048576 MINEXTENTS 1 MAXEXTENTS 2147483645
  PCTINCREASE 0 FREELISTS 1 FREELIST GROUPS 1
  BUFFER_POOL DEFAULT FLASH_CACHE DEFAULT CELL_FLASH_CACHE DEFAULT)
  TABLESPACE "USERS" ;
--------------------------------------------------------
--  DDL for Index IDX_TRANSACIONES_ESTADO
--------------------------------------------------------

  CREATE INDEX "IDX_TRANSACIONES_ESTADO" ON "TRANSACIONES" ("ID_ESTADO_TRANS") 
  PCTFREE 10 INITRANS 2 MAXTRANS 255 COMPUTE STATISTICS 
  STORAGE(INITIAL 65536 NEXT 1048576 MINEXTENTS 1 MAXEXTENTS 2147483645
  PCTINCREASE 0 FREELISTS 1 FREELIST GROUPS 1
  BUFFER_POOL DEFAULT FLASH_CACHE DEFAULT CELL_FLASH_CACHE DEFAULT)
  TABLESPACE "USERS" ;
--------------------------------------------------------
--  DDL for Trigger TRG_TRANSACIONES_ID
--------------------------------------------------------

  CREATE OR REPLACE NONEDITIONABLE TRIGGER "TRG_TRANSACIONES_ID" 
BEFORE INSERT ON transaciones
FOR EACH ROW
BEGIN
    -- Asigna el próximo valor de la secuencia al campo ID de la tabla
    :NEW.id_transacion := seq_transacion.NEXTVAL;
END;
/
ALTER TRIGGER "TRG_TRANSACIONES_ID" DISABLE;
--------------------------------------------------------
--  DDL for Trigger TRG_TRANSACIONES_ID
--------------------------------------------------------

  CREATE OR REPLACE NONEDITIONABLE TRIGGER "TRG_TRANSACIONES_ID" 
BEFORE INSERT ON transaciones
FOR EACH ROW
BEGIN
    -- Asigna el próximo valor de la secuencia al campo ID de la tabla
    :NEW.id_transacion := seq_transacion.NEXTVAL;
END;
/
ALTER TRIGGER "TRG_TRANSACIONES_ID" DISABLE;
